guid,cx,cy,cz,sx,sy,sz
38X23Znkr2XwCxu0x$LNZN,65.897,68.432,53.25,5.351,4.896,3.1
2QItuhiMv8FuPzP3Ob1NJb,28.567,36.321,53.375,7.671,7.002,3.35
1VG1As2i9CNAES2YSNmuPp,67.936,73.47,53.25,16.161,21.383,3.1
2jhaHNpo55guKudM9wZa7X,61.503,64.414,53.375,5.697,5.283,3.35
2Xe6rbtYzAqhfyXbKpPSmb,63.289,71.504,53.6,8.16,8.205,3.8
2T7gRjEFvBgRaNLZHAfExM,16.889,40.09,53.6,5.807,6.157,3.8
3jzuKaCoj7duM8YUpx6KXa,16.796,40.599,57.375,5.993,7.343,3.75
3jzuKaCoj7duM8YUpx6Khz,22.716,35.711,57.375,6.057,5.579,3.75
2Xe6rbtYzAqhfyXbKpPSqj,26.704,40.446,53.6,8.16,8.205,3.8
1mvwF0Vfb88Ad0u_CxGh8v,21.363,33.858,53.375,3.043,3.216,3.35
3eHc4RiQ5C9u5ExHSqeXsn,63.289,71.504,57.6,8.16,8.205,4.2
1CEwDhGXz6rf1qZbuMomS3,26.704,40.446,57.6,8.16,8.205,4.2
1mvwF0Vfb88Ad0u_CxGgL$,22.016,39.548,53.375,2.595,2.48,3.35
1mvwF0Vfb88Ad0u_CxGhB1,19.371,36.202,53.375,3.053,3.223,3.35
1mvwF0Vfb88Ad0u_CxGgLZ,24.459,36.67,53.375,3.857,3.966,3.35
1mvwF0Vfb88Ad0u_CxGgLz,22.922,38.481,53.375,2.595,2.48,3.35
0qZtwNut1C6QT5uDplIctO,33.544,35.081,53.375,2.027,2.063,3.35
3jCS7E4Nb3qBkgP0MIotWt,31.379,42.348,56.75,3.031,2.818,2.5
0qZtwNut1C6QT5uDplIc_N,26.541,33.432,53.375,14.914,11.541,3.35
3jCS7E4Nb3qBkgP0MIoqGs,58.588,69.941,57.375,3.535,3.512,3.75
3jCS7E4Nb3qBkgP0MIoqPQ,35.943,45.633,57.375,3.53,3.433,3.75
3jzuKaCoj7duM8YUpx6IdZ,26.171,46.492,57.375,17.728,13.174,3.75
3b3bVmE5P4tBwtV6k_$euI,67.404,69.292,65.4,3.318,3.307,3.5
3b3bVmE5P4tBwtV6k_$eqi,28.22,36.026,65.4,3.318,3.307,3.5
3b3bVmE5P4tBwtV6k_$e0O,28.22,36.026,69.315,3.318,3.307,3.43
3b3bVmE5P4tBwtV6k_$e4Q,67.404,69.292,69.315,3.318,3.307,3.43
0tWM7C8ybBZQ4c5DL1$lzg,52.223,66.015,57.0,12.425,12.96,3.0
2W9Cn8Smn0xwjpo8lUzELc,44.321,47.479,53.375,26.508,23.505,3.35
3xtnrBUgHBCwRh$xfyB4Ic,23.146,35.217,61.45,6.484,5.874,3.5
1d5Bmt5s12axuaGQA2o2sr,39.578,56.8,53.6,46.724,33.394,3.8
3H2AkZFqzChQTN2UOTW$62,63.289,71.504,61.675,8.16,8.205,3.95
2jhaHNpo55guKudM9wZa8A,55.085,58.964,53.375,2.388,2.475,3.35
3H2AkZFqzChQTN2UOTW$7V,26.704,40.446,61.675,8.16,8.205,3.95
2jhaHNpo55guKudM9wZa88,56.133,59.854,53.375,2.274,2.378,3.35
2jhaHNpo55guKudM9wZa8E,57.943,61.391,53.375,3.913,3.769,3.35
2jhaHNpo55guKudM9wZa8C,61.067,60.518,53.375,11.441,9.645,3.35
2EmhthfYTF$hx0gAAa2KtI,66.5,75.353,57.6,20.115,18.087,4.2
2jhaHNpo55guKudM9wZa9q,58.106,55.867,53.375,2.133,2.028,3.35
2T7gRjEFvBgRaNLZHAfEyt,22.242,43.118,53.375,9.059,8.425,3.35
3xtnrBUgHBCwRh$xfyB1VR,53.253,61.8,61.675,27.124,29.313,3.95
3xtnrBUgHBCwRh$xfyB8zE,45.903,49.988,57.6,48.302,41.848,4.2
0SCHpckP52uejwTkqQpmjR,37.18,55.762,53.375,6.772,6.423,3.35
1xBFBS5N18MfdblikYnUB3,26.704,40.446,65.625,8.16,8.205,3.95
0SCHpckP52uejwTkqQpmjD,39.693,52.803,53.375,6.829,6.666,3.35
3xtnrBUgHBCwRh$xfyB4IZ,31.213,42.686,61.675,34.612,29.961,3.95
2T7gRjEFvBgRaNLZHAfEyu,32.428,49.109,53.6,12.21,11.963,3.8
3xtnrBUgHBCwRh$xfyB626,5.654,36.124,57.2,30.976,31.843,3.4
1VG1As2i9CNAES2YSNmuWI,41.755,58.494,53.375,9.302,10.141,3.35
0SCHpckP52uejwTkqQppMc,44.913,61.258,53.375,9.345,10.012,3.35
3VjWRBBpP8T92ljLOxqe1U,50.391,65.825,53.375,8.276,9.271,3.35
36Blhdds16DOgkiAVsPwfN,47.821,63.681,53.6,8.803,9.461,3.8
0SCHpckP52uejwTkqQppMe,52.656,67.721,53.375,8.586,9.148,3.35
1xBFBS5N18MfdblikYnUBD,63.289,71.504,65.625,8.16,8.205,3.95
0SCHpckP52uejwTkqQppKQ,59.41,76.14,53.375,7.892,8.023,3.35
1ct5EDQ3f00e2ZWyRvpNyV,55.025,69.797,53.375,8.27,9.19,3.35
0_1BZVDc5BxwJSwnsVxduk,55.26,73.979,53.375,4.531,4.399,3.35
3H2AkZFqzChQTN2UOTW$6p,67.253,73.575,61.45,18.015,21.8,3.5
1xBFBS5N18MfdblikYnV4N,67.126,73.449,65.4,17.762,21.547,3.5
0Q4MSUQx531vKL_w06AgFD,63.289,71.504,69.76,8.16,8.205,4.32
1xBFBS5N18MfdblikYnHqn,24.353,37.08,65.4,20.735,19.211,3.5
0SCHpckP52uejwTkqQpmS1,22.062,36.504,74.407,8.587,8.567,4.974
0Q4MSUQx531vKL_w06AgFJ,26.72,40.459,69.76,8.19,8.231,4.32
1xBFBS5N18MfdblikYnHqd,36.92,46.6,65.4,23.183,22.083,3.5
3xtnrBUgHBCwRh$xfyB8NH,26.701,40.442,74.42,8.152,8.198,5.0
1VG1As2i9CNAES2YSNmu8x,38.429,54.446,74.42,30.752,28.698,5.0
36Blhdds16DOgkiAVsP5oS,31.864,54.619,69.4,8.223,7.777,3.6
36Blhdds16DOgkiAVsP5o5,26.523,49.979,69.4,6.538,6.358,3.6
3JI0SE8z59FBfLCYYLZpFk,63.335,71.457,74.42,8.238,8.299,5.0
36Blhdds16DOgkiAVsP68h,31.864,54.619,65.4,8.223,7.777,3.5
0C83sfLu9E9eQLJY7z8Xye,55.48,65.604,74.42,14.934,12.135,5.0
36Blhdds16DOgkiAVsP68f,26.523,49.979,65.4,6.538,6.358,3.5
3eHc4RiQ5C9u5ExHSqeXq_,25.444,35.896,57.375,1.951,1.847,3.75
1xBFBS5N18MfdblikYnUB5,53.321,61.722,65.4,27.261,29.469,3.5
0dEbiQb1r6fw7CerSu3TPT,28.566,31.156,57.5,3.726,3.623,4.0
0dEbiQb1r6fw7CerSu3TP7,33.119,35.054,57.5,3.417,3.425,4.0
0dEbiQb1r6fw7CerSu3TPG,26.085,29.05,57.5,3.848,3.726,4.0
0dEbiQb1r6fw7CerSu3TPQ,30.92,33.155,57.5,3.593,3.51,4.0
0Q4MSUQx531vKL_w06AgEr,24.353,37.08,69.535,20.735,19.211,3.87
3I0Kk3lRLDw8v2w0zwpO7q,58.364,56.453,57.5,3.593,3.51,4.0
3I0Kk3lRLDw8v2w0zwpO6E,62.938,60.337,57.5,3.593,3.51,4.0
0Q4MSUQx531vKL_w06AgEp,36.923,46.6,69.535,23.191,22.083,3.87
3I0Kk3lRLDw8v2w0zwpO7p,60.651,58.395,57.5,3.593,3.51,4.0
0dEbiQb1r6fw7CerSu3VCo,36.619,38.083,57.5,5.918,5.302,4.0
2Hutkn_Qz94QfZXkZOQRZT,57.45,66.909,57.375,5.696,6.017,3.75
2T7gRjEFvBgRaNLZHAfFF9,18.862,41.258,57.375,2.313,2.374,3.75
0Q4MSUQx531vKL_w06Ag5$,67.253,73.449,69.76,18.015,21.547,4.32
0dEbiQb1r6fw7CerSu3VYp,68.671,65.142,57.5,5.711,5.43,4.0
2T7gRjEFvBgRaNLZHAfFFA,20.03,39.882,57.375,1.957,1.955,3.75
2T7gRjEFvBgRaNLZHAfFFF,22.179,38.703,57.375,4.274,4.246,3.75
3I0Kk3lRLDw8v2w0zwpO6D,65.247,62.294,57.5,3.638,3.541,4.0
2zj90NfNL65vjsnTedSQQ0,24.988,44.399,57.375,3.286,3.141,3.75
2T7gRjEFvBgRaNLZHAfF$0,19.775,36.629,57.375,4.059,4.053,3.75
04HSGJmcD3bRsP58HjpIbw,22.849,42.584,57.375,2.898,2.811,3.75
2DkesObgH6N86CUi08jTVS,67.494,73.025,57.375,3.754,3.827,3.75
2T7gRjEFvBgRaNLZHAfFna,22.087,33.053,57.375,1.945,1.839,3.75
2DkesObgH6N86CUi08jTVP,65.472,75.408,57.375,3.754,3.827,3.75
3eHc4RiQ5C9u5ExHSqeWrs,54.609,69.251,57.375,2.019,2.012,3.75
0dEbiQb1r6fw7CerSu3UST,56.462,76.513,57.375,2.399,2.403,3.75
3eHc4RiQ5C9u5ExHSqeWU8,53.808,73.512,57.375,6.238,5.731,3.75
3fHyVhsY1FRR0IcklmG_av,53.606,70.433,57.375,2.084,2.089,3.75
1JtggxsYb29w1PJMKPQcP0,19.844,36.364,61.45,4.108,4.351,3.5
3eHc4RiQ5C9u5ExHSqeW5C,56.359,71.787,57.375,5.212,5.063,3.75
1auGEtVRb3NhFYfyi2P6vw,35.574,57.761,61.45,6.495,6.326,3.5
1JtggxsYb29w1PJMKPQcVO,22.207,38.005,61.45,4.809,3.928,3.5
1auGEtVRb3NhFYfyi2P6vo,31.05,53.886,61.45,6.595,6.31,3.5
3xtnrBUgHBCwRh$xfyB0P8,31.563,46.466,61.45,3.966,4.068,3.5
0_1BZVDc5BxwJSwnsVxdyn,35.791,45.503,60.95,3.225,3.174,2.5
3xtnrBUgHBCwRh$xfyB0P5,33.404,44.297,61.45,3.261,3.237,3.5
2Ps55StZr5yRhh62nE9q9Y,40.148,61.686,61.45,3.603,3.786,3.5
2Ps55StZr5yRhh62nE9q9d,38.684,60.369,61.45,3.567,3.904,3.5
2Ps55StZr5yRhh62nE9q9X,41.662,62.929,61.45,3.667,3.755,3.5
2xP8Oy$oH5JP_1bqohjpab,39.615,51.406,61.45,6.645,6.95,3.5
05MwHiS6LD$BIlHfVKbp73,41.802,53.263,61.45,5.525,6.006,3.5
2xP8Oy$oH5JP_1bqohjpax,44.772,65.527,61.45,6.595,6.326,3.5
36Blhdds16DOgkiAVsPxcV,33.846,47.882,61.675,4.267,4.577,3.95
3xtnrBUgHBCwRh$xfyB0Sg,44.969,57.963,61.45,4.462,4.345,3.5
1JtggxsYb29w1PJMKPQdmN,42.924,55.807,61.45,4.139,4.438,3.5
2xP8Oy$oH5JP_1bqohjpac,48.842,59.24,61.45,6.805,7.085,3.5
3mv9CJhk92VvyjKaBF2owy,44.868,53.488,61.45,3.537,3.373,3.5
3xtnrBUgHBCwRh$xfyB1Vr,58.401,65.518,61.45,3.261,3.237,3.5
3xtnrBUgHBCwRh$xfyB1Vw,56.56,67.687,61.45,3.967,4.068,3.5
3xtnrBUgHBCwRh$xfyB0PT,46.946,55.619,61.45,4.361,4.429,3.5
2xP8Oy$oH5JP_1bqohjpaK,57.781,76.657,61.45,5.17,5.117,3.5
3WcAivD6L3qPu4fxZ5CkSo,59.761,74.325,61.45,4.555,4.392,3.5
3xtnrBUgHBCwRh$xfyB_pa,64.503,66.829,61.45,2.564,2.666,3.5
3b3bVmE5P4tBwtV6k__NIS,67.404,69.292,61.45,3.318,3.307,3.5
3xtnrBUgHBCwRh$xfyB_pX,65.765,67.9,61.45,2.784,2.854,3.5
36Blhdds16DOgkiAVsP4Vi,50.984,61.059,61.675,5.162,5.677,3.95
2xP8Oy$oH5JP_1bqohjoaW,22.514,46.684,65.4,5.17,5.052,3.5
0Q4MSUQx531vKL_w06Agzb,29.859,37.418,65.4,2.784,2.854,3.5
3WcAivD6L3qPu4fxZ5Ck9N,24.494,44.384,65.4,4.555,4.392,3.5
0Q4MSUQx531vKL_w06Agzh,31.121,38.489,65.4,2.563,2.666,3.5
1xBFBS5N18MfdblikYnHqf,31.563,46.466,65.4,3.967,4.068,3.5
2xP8Oy$oH5JP_1bqohjo_k,36.334,58.449,65.4,4.959,4.937,3.5
1xBFBS5N18MfdblikYnHqx,35.791,45.503,65.4,3.225,3.174,3.5
2xP8Oy$oH5JP_1bqohjoaJ,39.615,51.406,65.4,6.645,6.95,3.5
3NFa8Y9Jf5RwZBvcfUAVIO,40.148,61.686,65.4,3.603,3.786,3.5
1xBFBS5N18MfdblikYnHqh,33.404,44.297,65.4,3.261,3.237,3.5
3NFa8Y9Jf5RwZBvcfUAVIT,38.684,60.366,65.4,3.567,3.911,3.5
1xBFBS5N18MfdblikYnHqv,41.798,53.26,65.4,5.517,6.0,3.5
3NFa8Y9Jf5RwZBvcfUAVIR,41.662,62.929,65.4,3.667,3.755,3.5
0FmGuf5a54T9pmsaibMAqb,44.772,65.527,65.4,6.595,6.326,3.5
1xBFBS5N18MfdblikYnHqt,42.923,55.804,65.4,4.14,4.444,3.5
0tWM7C8ybBZQ4c5DL1$lwj,40.744,57.142,57.375,25.85,22.745,3.75
1xBFBS5N18MfdblikYnHqZ,46.946,55.619,65.4,4.361,4.429,3.5
3mv9CJhk92VvyjKaBF2o$T,44.864,53.488,65.4,3.544,3.373,3.5
3WcAivD6L3qPu4fxZ5Clqa,59.761,74.325,65.4,4.555,4.392,3.5
1xBFBS5N18MfdblikYnHqX,44.969,57.963,65.4,4.462,4.345,3.5
2xP8Oy$oH5JP_1bqohjoa7,57.781,76.657,65.4,5.17,5.117,3.5
0Q4MSUQx531vKL_w06Agwi,64.503,66.829,65.4,2.564,2.666,3.5
2xP8Oy$oH5JP_1bqohjoDx,22.53,46.684,69.4,5.201,5.052,3.6
0Q4MSUQx531vKL_w06Ag5j,31.136,38.502,69.315,2.594,2.692,3.43
3WcAivD6L3qPu4fxZ5CWCZ,24.509,44.397,69.4,4.586,4.418,3.6
2xP8Oy$oH5JP_1bqohjoaU,48.842,59.24,65.4,6.805,7.085,3.5
0Q4MSUQx531vKL_w06AgEb,31.563,46.466,69.535,3.967,4.068,3.87
0Q4MSUQx531vKL_w06AgEd,33.404,44.297,69.535,3.261,3.237,3.87
0Q4MSUQx531vKL_w06AgFH,53.321,61.725,69.535,27.261,29.462,3.869
2Ps55StZr5yRhh62nE9q0p,40.148,61.686,69.535,3.603,3.786,3.87
1xUTe5Sh9DreNEkJ9QibKz,36.338,58.452,69.535,4.966,4.944,3.87
2Ps55StZr5yRhh62nE9q0_,41.662,62.929,69.535,3.667,3.755,3.87
2xP8Oy$oH5JP_1bqohjppq,44.772,65.527,69.4,6.595,6.326,3.6
0Q4MSUQx531vKL_w06AgEt,41.802,53.263,69.535,5.525,6.006,3.87
2Ps55StZr5yRhh62nE9q0q,38.684,60.369,69.535,3.567,3.904,3.87
2xP8Oy$oH5JP_1bqohjoDt,39.587,51.406,69.535,6.702,6.95,3.87
0Q4MSUQx531vKL_w06AgEj,44.969,57.963,69.535,4.462,4.345,3.87
0Q4MSUQx531vKL_w06AgEx,42.924,55.807,69.535,4.139,4.438,3.87
0Q4MSUQx531vKL_w06AgEl,46.946,55.619,69.535,4.361,4.429,3.87
2xP8Oy$oH5JP_1bqohjoDo,48.842,59.24,69.535,6.805,7.085,3.87
3nyidG4wTF_9$mvrir11rr,44.868,53.488,69.4,3.537,3.373,3.6
0Q4MSUQx531vKL_w06Ag5n,64.503,66.829,69.315,2.563,2.666,3.43
2xP8Oy$oH5JP_1bqohjoDl,57.781,76.657,69.4,5.17,5.117,3.6
0UP3u1jcLAoucZnULlRg3r,54.958,75.608,73.139,1.909,1.897,2.438
3WcAivD6L3qPu4fxZ5CWCa,59.761,74.325,69.6,4.555,4.392,4.0
3JI0SE8z59FBfLCYYLZpFO,54.489,70.134,73.42,4.197,4.209,3.001
3JI0SE8z59FBfLCYYLZpFT,55.874,72.795,73.419,6.206,5.583,2.999
0kzCK4OGP3yfwYsaxA5V1l,68.745,76.136,74.413,6.96,7.186,4.985
0_1BZVDc5BxwJSwnsVxdzZ,66.348,74.102,74.42,5.42,5.879,5.0
0bQS_OnubCwgB6t56S$A_i,48.051,68.704,73.22,3.963,3.979,2.6
2iOIITjL90wPZVGpFrW3kR,65.765,67.9,65.4,2.784,2.854,3.5
2iOIITjL90wPZVGpFrW07v,33.846,47.882,69.5,4.267,4.577,3.8
1F880bSDL9nPujvxIbzg5H,29.859,37.418,69.315,2.784,2.854,3.43
1F880bSDL9nPujvxIbzg5N,65.765,67.9,69.315,2.784,2.854,3.43
3JI0SE8z59FBfLCYYLZlAY,51.397,71.555,73.496,5.837,5.503,3.153
2iOIITjL90wPZVGpFrW07_,50.984,61.059,65.625,5.162,5.677,3.95
1xBFBS5N18MfdblikYnUBT,56.56,67.687,65.4,3.967,4.068,3.5
1xBFBS5N18MfdblikYnUBS,58.401,65.518,65.4,3.261,3.237,3.5
1F880bSDL9nPujvxIbzg0k,35.791,45.503,69.4,3.225,3.174,3.6
0Q4MSUQx531vKL_w06AgFP,56.56,67.687,69.535,3.967,4.068,3.87
0Q4MSUQx531vKL_w06AgFQ,58.401,65.518,69.535,3.261,3.237,3.87
3M4BY9f2fEkQXYemrsO6mK,60.053,70.525,57.4,2.349,2.719,3.8
2iOIITjL90wPZVGpFrW07w,50.984,61.059,69.5,5.162,5.677,3.8
3M4BY9f2fEkQXYemrsO6tz,28.857,42.7,57.4,3.349,3.897,3.8
3M4BY9f2fEkQXYemrsO6_Q,28.179,43.498,61.675,2.381,2.757,3.95
2iOIITjL90wPZVGpFrW07z,33.846,47.882,65.625,4.267,4.577,3.95
3M4BY9f2fEkQXYemrsO6_r,60.037,70.544,61.675,2.381,2.757,3.95
3M4BY9f2fEkQXYemrsO6gr,28.195,43.511,74.413,2.427,2.796,4.985
3M4BY9f2fEkQXYemrsO6gK,60.068,70.516,74.413,2.334,2.699,4.985
3M4BY9f2fEkQXYemrsO16f,28.179,43.498,69.5,2.381,2.757,3.8
3M4BY9f2fEkQXYemrsO178,60.037,70.544,69.5,2.381,2.757,3.8
0_1BZVDc5BxwJSwnsVxduU,59.584,70.159,53.375,2.846,3.152,3.35
1F880bSDL9nPujvxIbzg02,50.089,62.693,57.375,2.358,2.562,3.75
3M4BY9f2fEkQXYemrsO6k5,28.179,43.498,65.625,2.381,2.757,3.95
1F880bSDL9nPujvxIbzg1l,59.892,73.343,57.375,2.66,2.428,3.75
3M4BY9f2fEkQXYemrsO6jr,60.062,70.565,65.625,2.43,2.799,3.95
0x2YWQZaL7RuBo3f9SkzJQ,60.037,70.544,53.6,2.381,2.757,3.8
1F880bSDL9nPujvxIbzg2q,64.996,74.754,61.45,2.846,3.152,3.5
1F880bSDL9nPujvxIbzg2R,64.996,74.754,65.4,2.846,3.152,3.5
1F880bSDL9nPujvxIbzg0N,31.964,41.435,57.375,3.026,2.739,3.75
1F880bSDL9nPujvxIbzg2u,40.114,57.639,61.45,2.205,2.399,3.5
1F880bSDL9nPujvxIbzg1P,22.297,41.423,61.45,2.85,2.598,3.5
3M4BY9f2fEkQXYemrsO6kM,39.386,57.021,65.4,2.212,2.405,3.5
1F880bSDL9nPujvxIbzg1C,39.39,57.024,61.45,2.219,2.411,3.5
3M4BY9f2fEkQXYemrsO6kA,22.297,41.426,65.4,2.85,2.59,3.5
3M4BY9f2fEkQXYemrsO6jj,40.111,57.636,65.4,2.212,2.405,3.5
3M4BY9f2fEkQXYemrsO16z,22.297,41.426,69.4,2.85,2.59,3.6
3M4BY9f2fEkQXYemrsO175,40.114,57.639,69.5,2.205,2.399,3.8
1CEwDhGXz6rf1qZbuMomxT,62.872,72.003,64.31,3.237,3.134,25.22
3M4BY9f2fEkQXYemrsO17S,39.39,57.024,69.5,2.219,2.411,3.8
1BI3W4_qjCRul28Xx_mEDH,34.362,43.208,57.6,2.058,1.832,4.2
1BI3W4_qjCRul28Xx_mES5,59.32,64.397,61.675,2.058,1.832,3.95
2HM8XWPUz6WgsmzelJ_fNE,26.28,40.938,64.31,3.237,3.134,25.22
1BI3W4_qjCRul28Xx_mEQU,34.362,43.208,61.675,2.058,1.832,3.95
3jCS7E4Nb3qBkgP0MIoqI9,59.32,64.397,57.6,2.058,1.832,4.2
1BI3W4_qjCRul28Xx_mExj,59.32,64.397,65.625,2.058,1.832,3.95
3M4BY9f2fEkQXYemrsO17n,64.996,74.754,69.5,2.846,3.152,3.8
2gcNnmocjA5uvLJTxY_5Hp,22.374,39.977,61.675,1.685,1.684,3.95
2gcNnmocjA5uvLJTxY_5Hg,22.374,39.977,65.625,1.685,1.684,3.95
1BI3W4_qjCRul28Xx_mFxa,59.32,64.397,69.76,2.058,1.832,4.32
1BI3W4_qjCRul28Xx_mExk,34.362,43.208,65.625,2.058,1.832,3.95
1BI3W4_qjCRul28Xx_mFxY,34.362,43.208,69.76,2.058,1.832,4.32
3M4BY9f2fEkQXYemrsO6f4,59.308,64.419,74.42,2.018,1.788,5.0
2Ab53HB9b2wfqHriZIzvth,51.432,61.15,57.6,1.368,1.408,4.2
2zhoehGLvBbwmT$FUY8BB4,44.985,55.965,53.6,63.692,58.161,3.8
2gcNnmocjA5uvLJTxY_5Hl,22.371,39.98,69.5,1.691,1.691,3.8
2zhoehGLvBbwmT$FUY8B0L,44.997,55.975,61.675,63.753,58.227,3.95
2zhoehGLvBbwmT$FUY8B3p,44.997,55.975,57.2,63.753,58.227,3.4
1VG1As2i9CNAES2YSNmuIZ,44.993,55.979,57.2,63.225,57.697,3.4
2zhoehGLvBbwmT$FUY8B0q,44.997,55.975,65.625,63.753,58.227,3.95
2zhoehGLvBbwmT$FUY8C_x,44.997,55.975,69.76,63.753,58.227,4.32
1VG1As2i9CNAES2YSNmuLw,44.997,55.975,69.76,63.232,57.705,4.32
1VG1As2i9CNAES2YSNmuK1,44.997,55.975,65.625,63.232,57.705,3.95
2zhoehGLvBbwmT$FUY8C_P,5.69,36.211,57.2,31.305,32.526,3.4
1VG1As2i9CNAES2YSNmuJU,45.0,55.978,61.675,63.224,57.699,3.95
2Ab53HB9b2wfqHriZIzvtu,33.236,47.364,57.6,3.047,3.542,4.2
2zhoehGLvBbwmT$FUY8CyO,44.997,55.975,74.905,55.767,48.819,5.97
3PHN3kec17q9UkUqax52g0,64.416,75.391,57.2,23.689,17.651,3.4
3PHN3kec17q9UkUqax53gA,65.603,73.449,61.675,20.797,21.534,3.95
3PHN3kec17q9UkUqax50v0,24.391,38.501,65.625,20.797,21.534,3.95
3PHN3kec17q9UkUqax50v9,65.603,73.449,65.625,20.797,21.534,3.95
3PHN3kec17q9UkUqax50dd,24.391,38.501,69.76,20.797,21.534,4.32
3PHN3kec17q9UkUqax50dj,65.603,73.449,69.76,20.797,21.534,4.32
3PHN3kec17q9UkUqax50vF,35.849,48.209,65.625,25.325,25.417,3.95
1rU$t3tkDF9h1LzFTQbFDG,44.844,55.824,53.6,61.887,56.357,3.8
1rU$t3tkDF9h1LzFTQbFdr,44.997,55.975,57.2,62.527,57.0,3.4
1rU$t3tkDF9h1LzFTQbFc3,44.997,55.975,61.675,62.527,57.0,3.95
1rU$t3tkDF9h1LzFTQbFcg,44.997,55.975,65.625,62.527,57.0,3.95
1rU$t3tkDF9h1LzFTQbFvn,44.997,55.975,69.76,62.527,57.0,4.32
1rU$t3tkDF9h1LzFTQb8B5,44.997,56.45,74.905,44.744,40.213,5.97
0y9ASLGLvEHv0SDNef9uK7,56.684,68.116,74.905,21.846,17.587,5.97
3PHN3kec17q9UkUqax50dZ,35.849,48.209,69.76,25.325,25.417,4.32
3PHN3kec17q9UkUqax503K,31.252,44.326,61.675,34.519,33.184,3.95
2zhoehGLvBbwmT$FUY8CNA,5.536,36.174,57.06,31.613,32.817,3.68
3PHN3kec17q9UkUqax5039,51.858,61.8,61.675,29.899,29.301,3.95
1ihDn_IqL2a8bCCZUoYpBY,30.172,37.624,56.5,1.5,1.5,2.0
1ihDn_IqL2a8bCCZUoYpEf,27.573,39.46,56.5,1.5,1.5,2.0
2yC6uZ1Mj3WfWcT4GmORMG,44.997,55.975,64.656,63.753,58.227,26.473
1ihDn_IqL2a8bCCZUoYp0R,59.011,69.772,56.5,1.5,1.5,2.0
1ihDn_IqL2a8bCCZUoYpFH,36.594,37.952,56.5,1.5,1.5,2.0
1ihDn_IqL2a8bCCZUoYp1F,64.546,70.501,56.5,1.5,1.5,2.0
1ihDn_IqL2a8bCCZUoYp27,68.648,65.088,56.5,1.5,1.5,2.0
1ihDn_IqL2a8bCCZUoYp1p,66.459,68.431,56.5,1.5,1.5,2.0
1ihDn_IqL2a8bCCZUoYp6i,33.196,43.809,60.7,1.5,1.5,2.0
3PHN3kec17q9UkUqax50vA,51.858,61.8,65.625,29.899,29.301,3.95
1ihDn_IqL2a8bCCZUoYp3L,27.493,39.269,60.7,1.5,1.5,2.0
1ihDn_IqL2a8bCCZUoYp7M,58.954,65.559,60.7,1.5,1.5,2.0
1ihDn_IqL2a8bCCZUoYpPM,26.686,34.566,52.7,1.5,1.5,2.0
1ihDn_IqL2a8bCCZUoYpPA,67.602,69.743,60.7,1.5,1.5,2.0
1ihDn_IqL2a8bCCZUoYpO6,64.198,70.517,60.7,1.5,1.5,2.0
1ihDn_IqL2a8bCCZUoYpTf,27.647,39.554,52.7,1.5,1.5,2.0
1ihDn_IqL2a8bCCZUoYpTJ,24.708,36.009,52.7,1.5,1.5,2.0
1ihDn_IqL2a8bCCZUoYpTz,25.966,30.305,52.7,1.5,1.5,2.0
1ihDn_IqL2a8bCCZUoYpTb,23.099,35.047,52.7,1.5,1.5,2.0
3PHN3kec17q9UkUqax50dk,51.858,61.8,69.76,29.899,29.301,4.32
1ihDn_IqL2a8bCCZUoYpU9,57.502,60.67,52.7,1.5,1.5,2.0
1ihDn_IqL2a8bCCZUoYpUV,60.189,63.663,52.7,1.5,1.5,2.0
1ihDn_IqL2a8bCCZUoYpUX,65.414,67.998,52.7,1.5,1.5,2.0
1ihDn_IqL2a8bCCZUoYpU7,63.013,61.637,52.7,1.5,1.5,2.0
1ihDn_IqL2a8bCCZUoYpUL,62.852,65.923,52.7,1.5,1.5,2.0
1ihDn_IqL2a8bCCZUoYpU$,64.149,70.518,52.7,1.5,1.5,2.0
1ihDn_IqL2a8bCCZUoYpVt,27.49,39.425,64.65,1.5,1.5,2.0
1ihDn_IqL2a8bCCZUoYpJU,33.251,43.818,64.65,1.5,1.5,2.0
1ihDn_IqL2a8bCCZUoYpKQ,58.965,65.55,64.65,1.5,1.5,2.0
1ihDn_IqL2a8bCCZUoYpIG,27.761,35.84,64.65,1.5,1.5,2.0
1ihDn_IqL2a8bCCZUoYpL6,64.388,70.561,64.65,1.5,1.5,2.0
1ihDn_IqL2a8bCCZUoYpfj,27.723,35.932,68.6,1.5,1.5,2.0
1ihDn_IqL2a8bCCZUoYpND,27.399,39.386,68.6,1.5,1.5,2.0
1ihDn_IqL2a8bCCZUoYpME,67.588,69.724,64.65,1.5,1.5,2.0
1ihDn_IqL2a8bCCZUoYpgl,33.224,43.791,68.6,1.5,1.5,2.0
1ihDn_IqL2a8bCCZUoYphL,58.916,65.606,68.6,1.5,1.5,2.0
1ihDn_IqL2a8bCCZUoYpiH,64.248,70.51,68.6,1.5,1.5,2.0
1ihDn_IqL2a8bCCZUoYpaF,54.613,70.146,72.92,1.5,1.5,2.0
1ihDn_IqL2a8bCCZUoYplB,49.343,66.579,72.92,1.5,1.5,2.0
1ihDn_IqL2a8bCCZUoYpYV,48.218,68.411,72.92,1.5,1.5,2.0
1ihDn_IqL2a8bCCZUoYpb$,64.195,70.591,72.92,1.5,1.5,2.0
1ihDn_IqL2a8bCCZUoYpjV,67.534,69.756,68.6,1.5,1.5,2.0
1ihDn_IqL2a8bCCZUoYpZ5,51.848,71.267,72.92,1.5,1.5,2.0
1ihDn_IqL2a8bCCZUoYpat,61.505,67.408,72.92,1.5,1.5,2.0
1ihDn_IqL2a8bCCZUoYpd9,29.774,37.814,52.7,1.5,1.5,2.0
